{"MSE": 2.453983836538874, "_timestamp": 1686410977.483681, "_runtime": 15.12389087677002, "_step": 0, "_wandb": {"runtime": 14}}