{"MSE": 2.474875534322608, "_timestamp": 1686411343.3256443, "_runtime": 4.603196144104004, "_step": 0, "_wandb": {"runtime": 3}}