{"MSE": 2.456302846109739, "_timestamp": 1686411256.033186, "_runtime": 7.305569887161255, "_step": 0, "_wandb": {"runtime": 6}}