{"MSE": 2.4500534277607287, "_timestamp": 1686411288.6573155, "_runtime": 6.85034441947937, "_step": 0, "_wandb": {"runtime": 6}}