{"MSE": 2.4522961545629705, "_timestamp": 1686411371.6066654, "_runtime": 6.4492034912109375, "_step": 0, "_wandb": {"runtime": 5}}