{"MSE": 2.4533442314456684, "_timestamp": 1686411314.8471987, "_runtime": 6.66228461265564, "_step": 0, "_wandb": {"runtime": 5}}